dropped_docket,n_obligations_dropped,chi2_yates,p,cramers_v
EPA-HQ-OAR-2002-0058,215,21.0241,4.535390229321778e-06,0.0418
EPA-HQ-OAR-2003-0119,874,22.6183,1.9759113438682136e-06,0.0446
EPA-HQ-OAR-2006-0790,168,21.2259,4.08220228813795e-06,0.0419
EPA-HQ-OAR-2009-0234,847,21.9211,2.840875523438792e-06,0.0439
EPA-HQ-OAR-2009-0491,1629,13.7388,0.0002100677287134669,0.036
EPA-HQ-OAR-2009-0517,4,19.7093,9.016160073452552e-06,0.0401
EPA-HQ-OAR-2009-0926,132,17.218,3.332716460728379e-05,0.0377
EPA-HQ-OAR-2010-0505,948,11.4422,0.0007179506348504108,0.0318
EPA-HQ-OAR-2010-0682,1839,18.0484,2.1535686866595434e-05,0.0417
EPA-HQ-OAR-2011-0044,830,21.743,3.1173120731793074e-06,0.0436
EPA-HQ-OAR-2011-0817,496,16.8549,4.034837863842209e-05,0.0379
EPA-HQ-OAR-2013-0495,418,18.8505,1.4137102206071232e-05,0.0399
EPA-HQ-OAR-2013-0602,138,17.8236,2.4235575667393272e-05,0.0384
EPA-HQ-OAR-2015-0072,282,18.089,2.108108688233137e-05,0.0389
EPA-HQ-OAR-2015-0531,131,23.7717,1.0846503373033296e-06,0.0443
EPA-HQ-OAR-2017-0355,263,22.197,2.4606101644806775e-06,0.043
EPA-HQ-OAR-2017-0483,415,20.2886,6.6596691422510445e-06,0.0414
EPA-HQ-OAR-2017-0757,47,19.3875,1.067009925767872e-05,0.0399
EPA-HQ-OAR-2018-0775,73,22.6097,1.9847966059841836e-06,0.0431
EPA-HQ-OAR-2021-0668,548,23.2934,1.3907857098387661e-06,0.0446
EPA-HQ-OLEM-2017-0286,144,15.7594,7.193038436066393e-05,0.0361
EPA-HQ-OPA-2006-0090,222,15.8128,6.992631447114442e-05,0.0363
EPA-HQ-OPP-2011-0184,441,11.8374,0.000580527084447409,0.0317
EPA-HQ-OW-2008-0667,373,22.1114,2.572722368694758e-06,0.0432
EPA-HQ-OW-2009-0596,48,19.9408,7.98768699031227e-06,0.0404
EPA-HQ-OW-2009-0819,154,17.1653,3.426302477789501e-05,0.0377
EPA-HQ-OW-2011-0880,17,21.3896,3.7480566835070757e-06,0.0418
EPA-HQ-RCRA-2009-0640,511,17.3847,3.0526707028335766e-05,0.0385
EPA-R08-OAR-2015-0463,36,19.8205,8.506607870010808e-06,0.0403
