obligation_id,docket_id,outcome_state,outcome_state_audit_corrected,n_addressing,n_org,n_ind,pct_org,org_majority
EPA-HQ-OAR-2010-0505__proposed__47_0,EPA-HQ-OAR-2010-0505,MODIFIED,MODIFIED,6,4,2,0.6666666666666666,True
EPA-HQ-OAR-2010-0505__proposed__49_0,EPA-HQ-OAR-2010-0505,SURVIVED-edited,MODIFIED,192,151,41,0.7864583333333334,True
EPA-HQ-OAR-2010-0505__proposed__74_0,EPA-HQ-OAR-2010-0505,SURVIVED-edited,SURVIVED-edited,75,54,21,0.72,True
EPA-HQ-OAR-2010-0505__proposed__79_0,EPA-HQ-OAR-2010-0505,SURVIVED-edited,SURVIVED-edited,13,8,5,0.6153846153846154,True
EPA-HQ-OAR-2010-0505__proposed__85_0,EPA-HQ-OAR-2010-0505,SURVIVED-edited,SURVIVED-edited,17,11,6,0.6470588235294118,True
EPA-HQ-OAR-2010-0505__proposed__117_0,EPA-HQ-OAR-2010-0505,SURVIVED-edited,MODIFIED,356,280,76,0.7865168539325843,True
EPA-HQ-OAR-2010-0505__proposed__138_0,EPA-HQ-OAR-2010-0505,SURVIVED-edited,MODIFIED,9,5,4,0.5555555555555556,True
EPA-HQ-OAR-2010-0505__proposed__477_0,EPA-HQ-OAR-2010-0505,SURVIVED-edited,MODIFIED,280,219,61,0.7821428571428571,True
EPA-HQ-RCRA-2009-0640__proposed__299_1,EPA-HQ-RCRA-2009-0640,SURVIVED-edited,MODIFIED,11,0,11,0.0,False
EPA-HQ-RCRA-2009-0640__proposed__299_2,EPA-HQ-RCRA-2009-0640,SURVIVED-edited,MODIFIED,11,0,11,0.0,False
EPA-HQ-RCRA-2009-0640__proposed__299_3,EPA-HQ-RCRA-2009-0640,MODIFIED,MODIFIED,10,0,10,0.0,False
EPA-HQ-RCRA-2009-0640__proposed__299_4,EPA-HQ-RCRA-2009-0640,MODIFIED,MODIFIED,11,0,11,0.0,False
EPA-HQ-RCRA-2009-0640__proposed__299_6,EPA-HQ-RCRA-2009-0640,MODIFIED,MODIFIED,8,0,8,0.0,False
EPA-HQ-RCRA-2009-0640__proposed__337_1,EPA-HQ-RCRA-2009-0640,SURVIVED-edited,MODIFIED,11,0,11,0.0,False
EPA-HQ-RCRA-2009-0640__proposed__337_2,EPA-HQ-RCRA-2009-0640,MODIFIED,MODIFIED,10,0,10,0.0,False
EPA-HQ-RCRA-2009-0640__proposed__337_3,EPA-HQ-RCRA-2009-0640,MODIFIED,MODIFIED,11,0,11,0.0,False
EPA-HQ-RCRA-2009-0640__proposed__100700_0,EPA-HQ-RCRA-2009-0640,MODIFIED,MODIFIED,42,15,27,0.35714285714285715,False
EPA-HQ-RCRA-2009-0640__proposed__101000_0,EPA-HQ-RCRA-2009-0640,MODIFIED,MODIFIED,26,8,18,0.3076923076923077,False
EPA-HQ-RCRA-2009-0640__proposed__101001_0,EPA-HQ-RCRA-2009-0640,MODIFIED,MODIFIED,6,5,1,0.8333333333333334,True
EPA-HQ-OAR-2002-0058__proposed__104_0,EPA-HQ-OAR-2002-0058,SURVIVED-unchanged,SURVIVED-unchanged,5,1,4,0.2,False
EPA-HQ-OAR-2002-0058__proposed__106_0,EPA-HQ-OAR-2002-0058,SURVIVED-unchanged,SURVIVED-unchanged,7,1,6,0.14285714285714285,False
EPA-HQ-OAR-2006-0790__proposed__11_0,EPA-HQ-OAR-2006-0790,SURVIVED-unchanged,SURVIVED-unchanged,5,0,5,0.0,False
EPA-HQ-OAR-2006-0790__proposed__119_0,EPA-HQ-OAR-2006-0790,SURVIVED-unchanged,SURVIVED-unchanged,6,0,6,0.0,False
EPA-HQ-OAR-2009-0926__proposed__28_0,EPA-HQ-OAR-2009-0926,MODIFIED,MODIFIED,9,1,8,0.1111111111111111,False
EPA-HQ-OAR-2009-0926__proposed__28_2,EPA-HQ-OAR-2009-0926,MODIFIED,MODIFIED,15,2,13,0.13333333333333333,False
EPA-HQ-OAR-2009-0926__proposed__28_3,EPA-HQ-OAR-2009-0926,MODIFIED,MODIFIED,13,2,11,0.15384615384615385,False
EPA-HQ-OAR-2009-0926__proposed__77_0,EPA-HQ-OAR-2009-0926,MODIFIED,MODIFIED,19,3,16,0.15789473684210525,False
EPA-HQ-OAR-2009-0926__proposed__77_2,EPA-HQ-OAR-2009-0926,MODIFIED,MODIFIED,8,2,6,0.25,False
EPA-HQ-OAR-2009-0926__proposed__100404_4,EPA-HQ-OAR-2009-0926,MODIFIED,MODIFIED,6,0,6,0.0,False
EPA-HQ-OAR-2011-0817__proposed__9_0,EPA-HQ-OAR-2011-0817,SURVIVED-edited,MODIFIED,7,3,4,0.42857142857142855,False
EPA-HQ-OAR-2011-0817__proposed__9_1,EPA-HQ-OAR-2011-0817,MODIFIED,MODIFIED,5,3,2,0.6,True
EPA-HQ-OAR-2013-0602__proposed__29_0,EPA-HQ-OAR-2013-0602,SURVIVED-edited,MODIFIED,99,68,31,0.6868686868686869,True
EPA-HQ-OAR-2013-0602__proposed__41_0,EPA-HQ-OAR-2013-0602,MODIFIED,MODIFIED,6,3,3,0.5,False
EPA-HQ-OAR-2013-0602__proposed__41_1,EPA-HQ-OAR-2013-0602,MODIFIED,MODIFIED,8,6,2,0.75,True
EPA-HQ-OAR-2013-0602__proposed__43_0,EPA-HQ-OAR-2013-0602,MODIFIED,MODIFIED,91,62,29,0.6813186813186813,True
EPA-HQ-OAR-2013-0602__proposed__100202_0,EPA-HQ-OAR-2013-0602,SURVIVED-edited,MODIFIED,6,3,3,0.5,False
EPA-HQ-OW-2011-0880__proposed__81_0,EPA-HQ-OW-2011-0880,SURVIVED-edited,SURVIVED-edited,672,553,119,0.8229166666666666,True
EPA-HQ-OW-2011-0880__proposed__85_0,EPA-HQ-OW-2011-0880,SURVIVED-unchanged,SURVIVED-unchanged,1711,1286,425,0.7516072472238458,True
EPA-HQ-OW-2011-0880__proposed__91_0,EPA-HQ-OW-2011-0880,SURVIVED-edited,SURVIVED-edited,1169,929,240,0.7946963216424294,True
EPA-HQ-OW-2011-0880__proposed__95_0,EPA-HQ-OW-2011-0880,SURVIVED-edited,MODIFIED,2207,1633,574,0.739918441323063,True
EPA-HQ-OW-2011-0880__proposed__99_0,EPA-HQ-OW-2011-0880,SURVIVED-unchanged,SURVIVED-unchanged,1603,1196,407,0.7461010605115409,True
EPA-HQ-OW-2011-0880__proposed__101_0,EPA-HQ-OW-2011-0880,SURVIVED-unchanged,SURVIVED-unchanged,2254,1658,596,0.735581188997338,True
EPA-HQ-OW-2011-0880__proposed__103_0,EPA-HQ-OW-2011-0880,SURVIVED-unchanged,SURVIVED-unchanged,1912,1438,474,0.752092050209205,True
EPA-HQ-OAR-2013-0495__proposed__1_0,EPA-HQ-OAR-2013-0495,MODIFIED,SURVIVED-edited,57,39,18,0.6842105263157895,True
EPA-HQ-OAR-2013-0495__proposed__145_0,EPA-HQ-OAR-2013-0495,SURVIVED-edited,SURVIVED-edited,41,31,10,0.7560975609756098,True
EPA-HQ-OAR-2013-0495__proposed__100100_0,EPA-HQ-OAR-2013-0495,MODIFIED,SURVIVED-edited,33,25,8,0.7575757575757576,True
EPA-HQ-OAR-2013-0495__proposed__101000_0,EPA-HQ-OAR-2013-0495,MODIFIED,MODIFIED,7,2,5,0.2857142857142857,False
EPA-HQ-OAR-2013-0495__proposed__101001_0,EPA-HQ-OAR-2013-0495,MODIFIED,MODIFIED,5,2,3,0.4,False
EPA-HQ-OAR-2013-0495__proposed__101301_0,EPA-HQ-OAR-2013-0495,MODIFIED,MODIFIED,5,5,0,1.0,True
EPA-HQ-OW-2009-0819__proposed__84_0,EPA-HQ-OW-2009-0819,SURVIVED-edited,MODIFIED,26,14,12,0.5384615384615384,True
EPA-HQ-OW-2009-0819__proposed__97_0,EPA-HQ-OW-2009-0819,SURVIVED-edited,MODIFIED,25,14,11,0.56,True
EPA-HQ-OW-2009-0819__proposed__116_1,EPA-HQ-OW-2009-0819,MODIFIED,MODIFIED,7,2,5,0.2857142857142857,False
EPA-HQ-OW-2009-0819__proposed__130_0,EPA-HQ-OW-2009-0819,SURVIVED-edited,MODIFIED,5,3,2,0.6,True
EPA-HQ-OW-2009-0819__proposed__162_0,EPA-HQ-OW-2009-0819,MODIFIED,MODIFIED,7,3,4,0.42857142857142855,False
EPA-HQ-OW-2009-0819__proposed__176_1,EPA-HQ-OW-2009-0819,MODIFIED,MODIFIED,13,3,10,0.23076923076923078,False
EPA-HQ-OW-2009-0819__proposed__100705_0,EPA-HQ-OW-2009-0819,MODIFIED,MODIFIED,19,6,13,0.3157894736842105,False
EPA-HQ-OPP-2011-0184__proposed__73_0,EPA-HQ-OPP-2011-0184,SURVIVED-edited,MODIFIED,34,16,18,0.47058823529411764,False
EPA-HQ-OPP-2011-0184__proposed__88_0,EPA-HQ-OPP-2011-0184,MODIFIED,MODIFIED,50,50,0,1.0,True
EPA-HQ-OPP-2011-0184__proposed__88_2,EPA-HQ-OPP-2011-0184,MODIFIED,MODIFIED,67,66,1,0.9850746268656716,True
EPA-HQ-OPP-2011-0184__proposed__88_3,EPA-HQ-OPP-2011-0184,MODIFIED,MODIFIED,31,31,0,1.0,True
EPA-HQ-OPP-2011-0184__proposed__132_0,EPA-HQ-OPP-2011-0184,SURVIVED-unchanged,SURVIVED-unchanged,8,5,3,0.625,True
EPA-HQ-OPP-2011-0184__proposed__135_0,EPA-HQ-OPP-2011-0184,SURVIVED-edited,MODIFIED,49,30,19,0.6122448979591837,True
EPA-HQ-OPP-2011-0184__proposed__135_1,EPA-HQ-OPP-2011-0184,SURVIVED-edited,MODIFIED,9,8,1,0.8888888888888888,True
EPA-HQ-OPP-2011-0184__proposed__138_0,EPA-HQ-OPP-2011-0184,SURVIVED-edited,MODIFIED,8,6,2,0.75,True
EPA-HQ-OPP-2011-0184__proposed__140_0,EPA-HQ-OPP-2011-0184,SURVIVED-unchanged,SURVIVED-unchanged,117,75,42,0.6410256410256411,True
EPA-HQ-OPP-2011-0184__proposed__146_0,EPA-HQ-OPP-2011-0184,SURVIVED-edited,MODIFIED,5,3,2,0.6,True
EPA-HQ-OPP-2011-0184__proposed__147_0,EPA-HQ-OPP-2011-0184,SURVIVED-unchanged,SURVIVED-unchanged,47,28,19,0.5957446808510638,True
EPA-HQ-OPP-2011-0184__proposed__149_0,EPA-HQ-OPP-2011-0184,SURVIVED-unchanged,SURVIVED-unchanged,85,57,28,0.6705882352941176,True
EPA-HQ-OPP-2011-0184__proposed__149_1,EPA-HQ-OPP-2011-0184,SURVIVED-unchanged,SURVIVED-unchanged,27,13,14,0.48148148148148145,False
EPA-HQ-OPP-2011-0184__proposed__152_0,EPA-HQ-OPP-2011-0184,SURVIVED-unchanged,SURVIVED-unchanged,48,21,27,0.4375,False
EPA-HQ-OPP-2011-0184__proposed__157_0,EPA-HQ-OPP-2011-0184,SURVIVED-edited,MODIFIED,9,9,0,1.0,True
EPA-HQ-OPP-2011-0184__proposed__157_1,EPA-HQ-OPP-2011-0184,SURVIVED-edited,MODIFIED,632,425,207,0.6724683544303798,True
EPA-HQ-OPP-2011-0184__proposed__158_0,EPA-HQ-OPP-2011-0184,SURVIVED-edited,SURVIVED-edited,25,23,2,0.92,True
EPA-HQ-OPP-2011-0184__proposed__158_1,EPA-HQ-OPP-2011-0184,SURVIVED-edited,SURVIVED-edited,45,34,11,0.7555555555555555,True
EPA-HQ-OPP-2011-0184__proposed__160_1,EPA-HQ-OPP-2011-0184,MODIFIED,MODIFIED,13,9,4,0.6923076923076923,True
EPA-HQ-OPP-2011-0184__proposed__161_0,EPA-HQ-OPP-2011-0184,SURVIVED-edited,MODIFIED,322,263,59,0.8167701863354038,True
EPA-HQ-OPP-2011-0184__proposed__161_1,EPA-HQ-OPP-2011-0184,MODIFIED,MODIFIED,196,173,23,0.8826530612244898,True
EPA-HQ-OPP-2011-0184__proposed__162_0,EPA-HQ-OPP-2011-0184,SURVIVED-edited,MODIFIED,20,7,13,0.35,False
EPA-HQ-OPP-2011-0184__proposed__162_1,EPA-HQ-OPP-2011-0184,SURVIVED-edited,MODIFIED,81,49,32,0.6049382716049383,True
EPA-HQ-OPP-2011-0184__proposed__162_2,EPA-HQ-OPP-2011-0184,SURVIVED-edited,MODIFIED,18,5,13,0.2777777777777778,False
EPA-HQ-OPP-2011-0184__proposed__162_3,EPA-HQ-OPP-2011-0184,SURVIVED-edited,MODIFIED,15,5,10,0.3333333333333333,False
EPA-HQ-OPP-2011-0184__proposed__162_4,EPA-HQ-OPP-2011-0184,SURVIVED-edited,MODIFIED,13,4,9,0.3076923076923077,False
EPA-HQ-OPP-2011-0184__proposed__162_5,EPA-HQ-OPP-2011-0184,MODIFIED,MODIFIED,11,4,7,0.36363636363636365,False
EPA-HQ-OPP-2011-0184__proposed__165_0,EPA-HQ-OPP-2011-0184,SURVIVED-unchanged,SURVIVED-unchanged,24,19,5,0.7916666666666666,True
EPA-HQ-OPP-2011-0184__proposed__168_0,EPA-HQ-OPP-2011-0184,SURVIVED-edited,MODIFIED,5,5,0,1.0,True
EPA-HQ-OPP-2011-0184__proposed__168_1,EPA-HQ-OPP-2011-0184,SURVIVED-edited,MODIFIED,6,6,0,1.0,True
EPA-HQ-OPP-2011-0184__proposed__172_0,EPA-HQ-OPP-2011-0184,SURVIVED-unchanged,SURVIVED-unchanged,6,5,1,0.8333333333333334,True
EPA-HQ-OPP-2011-0184__proposed__175_0,EPA-HQ-OPP-2011-0184,SURVIVED-unchanged,SURVIVED-unchanged,7,6,1,0.8571428571428571,True
EPA-HQ-OPP-2011-0184__proposed__176_1,EPA-HQ-OPP-2011-0184,SURVIVED-unchanged,SURVIVED-unchanged,5,5,0,1.0,True
EPA-HQ-OPP-2011-0184__proposed__307_1,EPA-HQ-OPP-2011-0184,SURVIVED-unchanged,SURVIVED-unchanged,29,24,5,0.8275862068965517,True
EPA-HQ-OPP-2011-0184__proposed__360_0,EPA-HQ-OPP-2011-0184,SURVIVED-edited,MODIFIED,25,22,3,0.88,True
EPA-HQ-OPP-2011-0184__proposed__361_0,EPA-HQ-OPP-2011-0184,SURVIVED-edited,MODIFIED,90,84,6,0.9333333333333333,True
EPA-HQ-OPP-2011-0184__proposed__363_0,EPA-HQ-OPP-2011-0184,SURVIVED-edited,MODIFIED,13,12,1,0.9230769230769231,True
EPA-HQ-OPP-2011-0184__proposed__363_4,EPA-HQ-OPP-2011-0184,SURVIVED-edited,MODIFIED,64,24,40,0.375,False
EPA-HQ-OPP-2011-0184__proposed__364_0,EPA-HQ-OPP-2011-0184,SURVIVED-edited,MODIFIED,6,5,1,0.8333333333333334,True
EPA-HQ-OPP-2011-0184__proposed__368_0,EPA-HQ-OPP-2011-0184,MODIFIED,MODIFIED,7,7,0,1.0,True
EPA-HQ-OPP-2011-0184__proposed__368_2,EPA-HQ-OPP-2011-0184,MODIFIED,MODIFIED,34,32,2,0.9411764705882353,True
EPA-HQ-OPP-2011-0184__proposed__368_3,EPA-HQ-OPP-2011-0184,MODIFIED,MODIFIED,14,14,0,1.0,True
EPA-HQ-OPP-2011-0184__proposed__369_0,EPA-HQ-OPP-2011-0184,SURVIVED-edited,MODIFIED,120,75,45,0.625,True
EPA-HQ-OPP-2011-0184__proposed__100311_0,EPA-HQ-OPP-2011-0184,SURVIVED-edited,MODIFIED,7,5,2,0.7142857142857143,True
EPA-HQ-OPA-2006-0090__proposed__11_0,EPA-HQ-OPA-2006-0090,SURVIVED-unchanged,SURVIVED-unchanged,42,11,31,0.2619047619047619,False
EPA-HQ-OPA-2006-0090__proposed__12_0,EPA-HQ-OPA-2006-0090,MODIFIED,SURVIVED-edited,32,12,20,0.375,False
EPA-HQ-OPA-2006-0090__proposed__14_0,EPA-HQ-OPA-2006-0090,SURVIVED-edited,SURVIVED-edited,33,11,22,0.3333333333333333,False
EPA-HQ-OPA-2006-0090__proposed__15_0,EPA-HQ-OPA-2006-0090,SURVIVED-edited,MODIFIED,45,14,31,0.3111111111111111,False
EPA-HQ-OPA-2006-0090__proposed__19_0,EPA-HQ-OPA-2006-0090,SURVIVED-unchanged,SURVIVED-unchanged,6,1,5,0.16666666666666666,False
EPA-HQ-OPA-2006-0090__proposed__19_1,EPA-HQ-OPA-2006-0090,SURVIVED-unchanged,SURVIVED-unchanged,8,1,7,0.125,False
EPA-HQ-OPA-2006-0090__proposed__24_0,EPA-HQ-OPA-2006-0090,SURVIVED-edited,MODIFIED,55,20,35,0.36363636363636365,False
EPA-HQ-OPA-2006-0090__proposed__27_0,EPA-HQ-OPA-2006-0090,SURVIVED-edited,MODIFIED,7,1,6,0.14285714285714285,False
EPA-HQ-OPA-2006-0090__proposed__30_0,EPA-HQ-OPA-2006-0090,SURVIVED-edited,MODIFIED,21,11,10,0.5238095238095238,True
EPA-HQ-OPA-2006-0090__proposed__30_1,EPA-HQ-OPA-2006-0090,MODIFIED,MODIFIED,15,8,7,0.5333333333333333,True
EPA-HQ-OPA-2006-0090__proposed__42_0,EPA-HQ-OPA-2006-0090,MODIFIED,MODIFIED,13,1,12,0.07692307692307693,False
EPA-HQ-OPA-2006-0090__proposed__42_1,EPA-HQ-OPA-2006-0090,MODIFIED,MODIFIED,146,14,132,0.0958904109589041,False
EPA-HQ-OPA-2006-0090__proposed__42_2,EPA-HQ-OPA-2006-0090,MODIFIED,MODIFIED,6,0,6,0.0,False
EPA-HQ-OPA-2006-0090__proposed__42_3,EPA-HQ-OPA-2006-0090,MODIFIED,MODIFIED,67,4,63,0.05970149253731343,False
EPA-HQ-OPA-2006-0090__proposed__82_0,EPA-HQ-OPA-2006-0090,SURVIVED-edited,MODIFIED,8,5,3,0.625,True
EPA-HQ-OAR-2010-0682__proposed__110_0,EPA-HQ-OAR-2010-0682,SURVIVED-unchanged,SURVIVED-unchanged,6,4,2,0.6666666666666666,True
EPA-HQ-OAR-2010-0682__proposed__114_0,EPA-HQ-OAR-2010-0682,SURVIVED-unchanged,SURVIVED-unchanged,9,6,3,0.6666666666666666,True
EPA-HQ-OAR-2017-0355__proposed__55_0,EPA-HQ-OAR-2017-0355,SURVIVED-unchanged,SURVIVED-unchanged,99,45,54,0.45454545454545453,False
EPA-HQ-OAR-2017-0355__proposed__55_1,EPA-HQ-OAR-2017-0355,SURVIVED-unchanged,SURVIVED-unchanged,42,31,11,0.7380952380952381,True
EPA-HQ-OAR-2017-0355__proposed__59_0,EPA-HQ-OAR-2017-0355,SURVIVED-unchanged,SURVIVED-unchanged,125,76,49,0.608,True
EPA-HQ-OAR-2017-0355__proposed__77_0,EPA-HQ-OAR-2017-0355,SURVIVED-unchanged,SURVIVED-unchanged,8,5,3,0.625,True
EPA-HQ-OAR-2017-0355__proposed__81_0,EPA-HQ-OAR-2017-0355,MODIFIED,MODIFIED,6,4,2,0.6666666666666666,True
EPA-HQ-OAR-2017-0355__proposed__83_1,EPA-HQ-OAR-2017-0355,SURVIVED-unchanged,SURVIVED-unchanged,6,6,0,1.0,True
EPA-HQ-OAR-2017-0355__proposed__112_3,EPA-HQ-OAR-2017-0355,SURVIVED-edited,MODIFIED,22,15,7,0.6818181818181818,True
EPA-HQ-OAR-2017-0355__proposed__126_0,EPA-HQ-OAR-2017-0355,SURVIVED-edited,MODIFIED,14,11,3,0.7857142857142857,True
EPA-HQ-OAR-2017-0355__proposed__128_0,EPA-HQ-OAR-2017-0355,MODIFIED,MODIFIED,10,5,5,0.5,False
EPA-HQ-OLEM-2017-0286__proposed__59_0,EPA-HQ-OLEM-2017-0286,SURVIVED-edited,MODIFIED,7,6,1,0.8571428571428571,True
EPA-HQ-OLEM-2017-0286__proposed__67_0,EPA-HQ-OLEM-2017-0286,MODIFIED,MODIFIED,215,127,88,0.5906976744186047,True
EPA-HQ-OLEM-2017-0286__proposed__68_0,EPA-HQ-OLEM-2017-0286,MODIFIED,MODIFIED,240,147,93,0.6125,True
EPA-HQ-OLEM-2017-0286__proposed__68_1,EPA-HQ-OLEM-2017-0286,MODIFIED,MODIFIED,214,135,79,0.6308411214953271,True
EPA-HQ-OLEM-2017-0286__proposed__69_0,EPA-HQ-OLEM-2017-0286,MODIFIED,MODIFIED,202,124,78,0.6138613861386139,True
EPA-HQ-OLEM-2017-0286__proposed__69_1,EPA-HQ-OLEM-2017-0286,MODIFIED,MODIFIED,71,44,27,0.6197183098591549,True
EPA-HQ-OLEM-2017-0286__proposed__70_0,EPA-HQ-OLEM-2017-0286,MODIFIED,MODIFIED,238,149,89,0.6260504201680672,True
EPA-HQ-OLEM-2017-0286__proposed__71_0,EPA-HQ-OLEM-2017-0286,MODIFIED,MODIFIED,6,4,2,0.6666666666666666,True
EPA-HQ-OLEM-2017-0286__proposed__72_0,EPA-HQ-OLEM-2017-0286,MODIFIED,MODIFIED,230,159,71,0.691304347826087,True
EPA-HQ-OLEM-2017-0286__proposed__75_0,EPA-HQ-OLEM-2017-0286,MODIFIED,MODIFIED,47,35,12,0.7446808510638298,True
EPA-HQ-OLEM-2017-0286__proposed__100600_0,EPA-HQ-OLEM-2017-0286,SURVIVED-unchanged,SURVIVED-unchanged,7,7,0,1.0,True
EPA-HQ-OLEM-2017-0286__proposed__100602_0,EPA-HQ-OLEM-2017-0286,MODIFIED,MODIFIED,8,3,5,0.375,False
EPA-HQ-OAR-2017-0483__proposed__56_0,EPA-HQ-OAR-2017-0483,SURVIVED-unchanged,SURVIVED-unchanged,16,10,6,0.625,True
EPA-HQ-OAR-2017-0483__proposed__63_0,EPA-HQ-OAR-2017-0483,SURVIVED-edited,SURVIVED-unchanged,5,4,1,0.8,True
EPA-HQ-OAR-2017-0483__proposed__89_0,EPA-HQ-OAR-2017-0483,SURVIVED-unchanged,SURVIVED-unchanged,5,4,1,0.8,True
EPA-HQ-OAR-2017-0483__proposed__93_0,EPA-HQ-OAR-2017-0483,SURVIVED-unchanged,SURVIVED-unchanged,5,5,0,1.0,True
EPA-HQ-OAR-2017-0483__proposed__95_0,EPA-HQ-OAR-2017-0483,SURVIVED-unchanged,SURVIVED-unchanged,8,5,3,0.625,True
EPA-HQ-OAR-2017-0483__proposed__100509_0,EPA-HQ-OAR-2017-0483,SURVIVED-edited,MODIFIED,5,3,2,0.6,True
EPA-R08-OAR-2015-0463__proposed__36_1,EPA-R08-OAR-2015-0463,MODIFIED,SURVIVED-edited,6,6,0,1.0,True
EPA-R08-OAR-2015-0463__proposed__37_0,EPA-R08-OAR-2015-0463,SURVIVED-edited,SURVIVED-edited,646,646,0,1.0,True
EPA-R08-OAR-2015-0463__proposed__37_1,EPA-R08-OAR-2015-0463,SURVIVED-edited,SURVIVED-edited,100,100,0,1.0,True
EPA-R08-OAR-2015-0463__proposed__39_0,EPA-R08-OAR-2015-0463,SURVIVED-unchanged,SURVIVED-unchanged,52,52,0,1.0,True
EPA-R08-OAR-2015-0463__proposed__39_1,EPA-R08-OAR-2015-0463,SURVIVED-unchanged,SURVIVED-unchanged,9,9,0,1.0,True
EPA-R08-OAR-2015-0463__proposed__39_2,EPA-R08-OAR-2015-0463,SURVIVED-unchanged,SURVIVED-unchanged,7,7,0,1.0,True
EPA-R08-OAR-2015-0463__proposed__40_0,EPA-R08-OAR-2015-0463,SURVIVED-edited,MODIFIED,5,5,0,1.0,True
EPA-HQ-OAR-2015-0531__proposed__3_0,EPA-HQ-OAR-2015-0531,SURVIVED-unchanged,SURVIVED-unchanged,5,2,3,0.4,False
EPA-HQ-OAR-2015-0531__proposed__16_0,EPA-HQ-OAR-2015-0531,SURVIVED-unchanged,SURVIVED-unchanged,6,2,4,0.3333333333333333,False
EPA-HQ-OAR-2015-0531__proposed__24_0,EPA-HQ-OAR-2015-0531,SURVIVED-unchanged,SURVIVED-unchanged,12,5,7,0.4166666666666667,False
EPA-HQ-OAR-2015-0531__proposed__26_0,EPA-HQ-OAR-2015-0531,SURVIVED-unchanged,SURVIVED-unchanged,5,2,3,0.4,False
EPA-HQ-OAR-2015-0531__proposed__41_0,EPA-HQ-OAR-2015-0531,SURVIVED-unchanged,SURVIVED-unchanged,8,3,5,0.375,False
EPA-HQ-OAR-2018-0775__proposed__1_0,EPA-HQ-OAR-2018-0775,SURVIVED-unchanged,SURVIVED-unchanged,56,47,9,0.8392857142857143,True
EPA-HQ-OAR-2018-0775__proposed__2_0,EPA-HQ-OAR-2018-0775,SURVIVED-unchanged,SURVIVED-unchanged,120,102,18,0.85,True
EPA-HQ-OAR-2018-0775__proposed__2_1,EPA-HQ-OAR-2018-0775,SURVIVED-unchanged,SURVIVED-unchanged,156,128,28,0.8205128205128205,True
EPA-HQ-OAR-2021-0668__proposed__20_0,EPA-HQ-OAR-2021-0668,MODIFIED,MODIFIED,78,4,74,0.05128205128205128,False
EPA-HQ-OAR-2021-0668__proposed__20_1,EPA-HQ-OAR-2021-0668,MODIFIED,MODIFIED,17,1,16,0.058823529411764705,False
EPA-HQ-OAR-2021-0668__proposed__232_0,EPA-HQ-OAR-2021-0668,SURVIVED-unchanged,SURVIVED-unchanged,11,0,11,0.0,False
EPA-HQ-OAR-2021-0668__proposed__250_0,EPA-HQ-OAR-2021-0668,SURVIVED-unchanged,SURVIVED-unchanged,5,0,5,0.0,False
EPA-HQ-OAR-2021-0668__proposed__253_0,EPA-HQ-OAR-2021-0668,SURVIVED-unchanged,SURVIVED-unchanged,8,0,8,0.0,False
EPA-HQ-OAR-2021-0668__proposed__258_1,EPA-HQ-OAR-2021-0668,SURVIVED-unchanged,SURVIVED-unchanged,8,0,8,0.0,False
EPA-HQ-OAR-2021-0668__proposed__269_0,EPA-HQ-OAR-2021-0668,SURVIVED-unchanged,SURVIVED-unchanged,7,0,7,0.0,False
EPA-HQ-OAR-2021-0668__proposed__281_0,EPA-HQ-OAR-2021-0668,SURVIVED-unchanged,SURVIVED-unchanged,5,0,5,0.0,False
EPA-HQ-OAR-2021-0668__proposed__286_0,EPA-HQ-OAR-2021-0668,SURVIVED-unchanged,SURVIVED-unchanged,7,0,7,0.0,False
