dropped_docket,n_dropped,a,b,c,d,n,OR,ci_lo,ci_hi,p
EPA-HQ-OAR-2002-0058,2,43,15,28,30,116,3.0714285714285716,1.4058893832197805,6.7101107540784435,0.007315560162428913
EPA-HQ-OAR-2006-0790,2,43,15,28,30,116,3.0714285714285716,1.4058893832197805,6.7101107540784435,0.007315560162428913
EPA-HQ-OAR-2009-0926,6,43,15,28,24,110,2.4571428571428573,1.1021970269890788,5.477742066589686,0.029948675038105447
EPA-HQ-OAR-2010-0505,8,36,15,27,30,108,2.6666666666666665,1.2033633058905695,5.909363428568576,0.019076543330279652
EPA-HQ-OAR-2010-0682,2,43,15,28,30,116,3.0714285714285716,1.4058893832197805,6.7101107540784435,0.007315560162428913
EPA-HQ-OAR-2011-0817,2,43,14,27,30,114,3.4126984126984126,1.5391271125298862,7.566958155191435,0.0036695683085135045
EPA-HQ-OAR-2013-0495,6,42,15,25,28,110,3.136,1.4104733623912582,6.972479071371472,0.006083955094974629
EPA-HQ-OAR-2013-0602,5,42,14,26,29,111,3.3461538461538463,1.4978259154361446,7.475331710274122,0.0034795739440572344
EPA-HQ-OAR-2015-0531,5,43,15,28,30,116,3.0714285714285716,1.4058893832197805,6.7101107540784435,0.007315560162428913
EPA-HQ-OAR-2017-0355,9,41,15,27,29,112,2.9358024691358025,1.3320153728322741,6.4705980978713225,0.011494802865919255
EPA-HQ-OAR-2017-0483,6,41,15,28,30,114,2.9285714285714284,1.3367732415998947,6.415845519154931,0.007646150356583357
EPA-HQ-OAR-2018-0775,3,43,15,28,30,116,3.0714285714285716,1.4058893832197805,6.7101107540784435,0.007315560162428913
EPA-HQ-OAR-2021-0668,9,43,15,28,28,114,2.8666666666666667,1.3045351825341873,6.299391452067962,0.011671065819489412
EPA-HQ-OLEM-2017-0286,12,42,15,19,29,105,4.273684210526316,1.8710561181496346,9.76153336831198,0.0006669095765912354
EPA-HQ-OPA-2006-0090,15,41,11,27,25,104,3.451178451178451,1.4610199749908135,8.152272320543315,0.006955197823830972
EPA-HQ-OPP-2011-0184,44,25,9,20,29,83,4.027777777777778,1.5556131100539865,10.428681606185156,0.0038886799938899668
EPA-HQ-OW-2009-0819,7,40,15,28,26,109,2.4761904761904763,1.1146444972260308,5.500874305337418,0.03029380998529109
EPA-HQ-OW-2011-0880,7,40,15,28,30,113,2.857142857142857,1.302224652774741,6.26870739140778,0.01211059382674187
EPA-HQ-RCRA-2009-0640,11,43,12,27,23,105,3.052469135802469,1.3075322964503329,7.126070882013282,0.012554614877059094
EPA-R08-OAR-2015-0463,7,40,15,27,30,112,2.962962962962963,1.3461044284342787,6.5218933497616725,0.007325115761347219
