docket_id,claim_proposed_year,claim_final_year,pulled_proposed_years,pulled_final_years,claim_proposed_matches,claim_final_matches,has_any_proposed,has_any_final
EPA-HQ-OAR-2004-0265,2020,2020,[1994],[],False,False,True,False
EPA-HQ-OAR-1994-0099,2022,2022,"[2000, 2001, 2002, 2004, 2009, 2011, 2020, 2023, 2024, 2025, 2026]","[2000, 2002, 2005, 2010, 2019, 2020, 2021, 2022, 2024, 2025, 2026]",False,True,True,True
EPA-HQ-OAR-2009-0234,2011,2012,"[2011, 2012, 2013, 2014, 2015, 2016]","[2012, 2013, 2014, 2015, 2016, 2017, 2018]",True,True,True,True
EPA-HQ-OAR-2009-0517,2012,2010,"[2009, 2012]","[2010, 2011, 2012]",True,True,True,True
EPA-HQ-OAR-2010-0505,2011,2012,"[2011, 2013, 2014, 2015, 2017]","[2012, 2013, 2014, 2015, 2016, 2017, 2018]",True,True,True,True
EPA-HQ-RCRA-2009-0640,2010,2015,[2010],[2015],True,True,True,True
EPA-HQ-OAR-2011-0044,2011,2012,"[2011, 2012, 2013, 2015]","[2012, 2013, 2014, 2015, 2016]",True,True,True,True
EPA-HQ-OAR-2009-0491,2010,2011,"[2010, 2011, 2012]","[2011, 2012, 2014, 2016]",True,True,True,True
EPA-HQ-OAR-2002-0058,2010,2011,"[2010, 2011, 2015, 2020]","[2006, 2011, 2013, 2015, 2022]",True,True,True,True
EPA-HQ-OAR-2003-0119,2010,2011,"[2010, 2011, 2015, 2018]","[2011, 2013, 2016, 2019, 2025, 2026]",True,True,True,True
EPA-HQ-OAR-2006-0790,2010,2011,"[2010, 2011, 2015]","[2011, 2013, 2016]",True,True,True,True
EPA-HQ-OW-2009-0596,2010,2010,"[2010, 2011, 2012, 2014]","[2010, 2012, 2014]",True,True,True,True
EPA-HQ-OW-2008-0667,2011,2014,"[2011, 2012]",[2014],True,True,True,True
EPA-HQ-OAR-2009-0926,2010,2010,[2010],[2010],True,True,True,True
EPA-HQ-OAR-2011-0817,2012,2013,"[2012, 2014, 2016]","[2013, 2015, 2016]",True,True,True,True
EPA-HQ-OAR-2013-0602,2014,2015,[2014],[2015],True,True,True,True
EPA-HQ-OW-2011-0880,2014,2015,[2014],[2015],True,True,True,True
EPA-HQ-OAR-2013-0495,2014,2015,"[2014, 2018, 2019]","[2015, 2021]",True,True,True,True
EPA-HQ-OW-2009-0819,2013,2015,"[2013, 2017, 2019, 2023, 2025]","[2015, 2017, 2020, 2023, 2024, 2025, 2026]",True,True,True,True
EPA-HQ-OPP-2011-0184,2013,2015,"[2013, 2014]","[2015, 2018]",True,True,True,True
EPA-HQ-OA-2014-0012,2014,2014,[2014],[2014],True,True,True,True
EPA-HQ-OAR-2014-0828,2015,2016,"[2015, 2016]",[2016],True,True,True,True
EPA-HQ-OPA-2006-0090,2015,2021,[2015],"[2021, 2023, 2025]",True,True,True,True
EPA-HQ-OAR-2010-0682,2014,2015,"[2014, 2016, 2018]","[2015, 2016, 2018, 2020]",True,True,True,True
EPA-HQ-OAR-2017-0355,2017,2019,"[2017, 2018]","[2019, 2023]",True,True,True,True
EPA-HQ-OW-2017-0203,2017,2019,"[2017, 2018]",[2019],True,True,True,True
EPA-HQ-OPPT-2018-0159,2018,2019,[2018],[2019],True,True,True,True
EPA-HQ-OLEM-2017-0286,2018,2018,[2018],[2018],True,True,True,True
EPA-HQ-OAR-2017-0483,2018,2020,[2018],[2020],True,True,True,True
EPA-R08-OAR-2015-0463,2016,2016,"[2016, 2020]","[2016, 2020]",True,True,True,True
EPA-HQ-OW-2017-0644,2017,2018,[2017],[2018],True,True,True,True
EPA-HQ-OAR-2015-0531,2016,2017,[2016],[2017],True,True,True,True
EPA-HQ-OAR-2018-0794,2019,2020,"[2019, 2020, 2022, 2023, 2025]","[2020, 2023, 2024, 2026]",True,True,True,True
EPA-HQ-OAR-2015-0072,2020,2020,"[2020, 2022, 2023]","[2020, 2024]",True,True,True,True
EPA-HQ-OAR-2021-0668,2022,2022,"[2022, 2024]","[2022, 2023, 2024]",True,True,True,True
EPA-HQ-OAR-2020-0044,2020,2020,"[2018, 2020, 2022, 2023, 2024, 2025]","[2020, 2021, 2022, 2023, 2024, 2025]",True,True,True,True
