obligation_id,classifier_label,audit_tier
EPA-HQ-OW-2009-0819__proposed__176_1,MODIFIED,T1_F3
EPA-R08-OAR-2015-0463__proposed__36_1,MODIFIED,T1_F3
EPA-HQ-OPP-2011-0184__proposed__162_0,SURVIVED-edited,T1_F3
EPA-HQ-RCRA-2009-0640__proposed__101001_0,MODIFIED,T1_F3
EPA-HQ-OAR-2003-0119__proposed__204_0,MODIFIED,T2_general
EPA-HQ-OPP-2011-0184__proposed__138_0,SURVIVED-edited,T1_F3
EPA-HQ-RCRA-2009-0640__proposed__337_1,SURVIVED-edited,T1_F3
EPA-R08-OAR-2015-0463__proposed__37_1,SURVIVED-edited,T1_F3
EPA-HQ-OAR-2010-0505__proposed__79_0,SURVIVED-edited,T1_F3
EPA-HQ-OAR-2011-0044__proposed__533_0,MODIFIED,T2_general
EPA-HQ-OPP-2011-0184__proposed__363_4,SURVIVED-edited,T1_F3
EPA-HQ-OPA-2006-0090__proposed__24_0,SURVIVED-edited,T1_F3
EPA-HQ-OAR-2013-0495__proposed__100100_0,MODIFIED,T1_F3
EPA-HQ-OAR-2010-0505__proposed__546_0,SURVIVED-unchanged,T2_general
EPA-HQ-OW-2009-0819__proposed__100705_0,MODIFIED,T1_F3
EPA-HQ-OLEM-2017-0286__proposed__100602_0,MODIFIED,T1_F3
EPA-HQ-OPA-2006-0090__proposed__82_0,SURVIVED-edited,T1_F3
EPA-HQ-OPP-2011-0184__proposed__221_1,SURVIVED-edited,T2_general
EPA-HQ-RCRA-2009-0640__proposed__101000_0,MODIFIED,T1_F3
EPA-HQ-OAR-2009-0926__proposed__28_0,MODIFIED,T1_F3
EPA-HQ-OW-2009-0819__final__118_0,NEW,T2_general
EPA-HQ-OAR-2017-0483__proposed__63_0,SURVIVED-edited,T1_F3
EPA-HQ-RCRA-2009-0640__proposed__299_6,MODIFIED,T1_F3
EPA-HQ-OPA-2006-0090__proposed__30_0,SURVIVED-edited,T1_F3
EPA-HQ-OPA-2006-0090__proposed__14_0,SURVIVED-edited,T1_F3
EPA-HQ-OPP-2011-0184__proposed__157_0,SURVIVED-edited,T1_F3
EPA-HQ-OAR-2017-0355__proposed__128_0,MODIFIED,T1_F3
EPA-HQ-OPP-2011-0184__proposed__162_3,SURVIVED-edited,T1_F3
EPA-HQ-OLEM-2017-0286__proposed__69_0,MODIFIED,T1_F3
EPA-HQ-OAR-2011-0044__proposed__320_0,DROPPED,T2_general
EPA-HQ-OW-2009-0596__proposed__50_0,DROPPED,T2_general
EPA-HQ-OPA-2006-0090__proposed__27_0,SURVIVED-edited,T1_F3
EPA-HQ-OPP-2011-0184__proposed__100311_0,SURVIVED-edited,T1_F3
EPA-HQ-OPP-2011-0184__proposed__168_0,SURVIVED-edited,T1_F3
EPA-HQ-OAR-2003-0119__proposed__295_0,DROPPED,T2_general
EPA-HQ-OAR-2013-0602__proposed__100202_0,SURVIVED-edited,T1_F3
EPA-HQ-OPA-2006-0090__proposed__42_0,MODIFIED,T1_F3
EPA-HQ-OAR-2009-0491__proposed__1012_1,MODIFIED,T2_general
EPA-HQ-OAR-2011-0044__proposed__197_0,SURVIVED-unchanged,T2_general
EPA-HQ-OAR-2010-0505__proposed__49_0,SURVIVED-edited,T1_F3
EPA-HQ-OW-2011-0880__proposed__91_0,SURVIVED-edited,T1_F3
EPA-HQ-OAR-2013-0602__proposed__29_0,SURVIVED-edited,T1_F3
EPA-HQ-OW-2011-0880__proposed__81_0,SURVIVED-edited,T1_F3
EPA-HQ-OPP-2011-0184__proposed__369_0,SURVIVED-edited,T1_F3
EPA-HQ-OPP-2011-0184__proposed__360_0,SURVIVED-edited,T1_F3
EPA-HQ-OAR-2010-0505__proposed__448_1,SURVIVED-unchanged,T2_general
EPA-HQ-OPP-2011-0184__proposed__361_0,SURVIVED-edited,T1_F3
EPA-HQ-OAR-2017-0355__proposed__81_0,MODIFIED,T1_F3
EPA-HQ-OW-2009-0819__proposed__158_0,MODIFIED,T2_general
EPA-HQ-RCRA-2009-0640__proposed__299_3,MODIFIED,T1_F3
EPA-HQ-OW-2009-0819__proposed__162_0,MODIFIED,T1_F3
EPA-HQ-OLEM-2017-0286__proposed__67_0,MODIFIED,T1_F3
EPA-HQ-OW-2009-0819__proposed__130_0,SURVIVED-edited,T1_F3
EPA-HQ-OPP-2011-0184__proposed__368_0,MODIFIED,T1_F3
EPA-HQ-OPP-2011-0184__proposed__161_0,SURVIVED-edited,T1_F3
EPA-HQ-OPP-2011-0184__proposed__168_1,SURVIVED-edited,T1_F3
EPA-HQ-OPP-2011-0184__proposed__88_2,MODIFIED,T1_F3
EPA-HQ-OPP-2011-0184__proposed__162_2,SURVIVED-edited,T1_F3
EPA-HQ-OAR-2009-0926__proposed__28_2,MODIFIED,T1_F3
EPA-HQ-OPP-2011-0184__proposed__160_1,MODIFIED,T1_F3
EPA-HQ-OAR-2010-0505__proposed__477_0,SURVIVED-edited,T1_F3
EPA-HQ-OAR-2009-0926__proposed__77_2,MODIFIED,T1_F3
EPA-HQ-OAR-2017-0483__proposed__64_0,SURVIVED-unchanged,T2_general
EPA-HQ-OAR-2013-0602__proposed__43_0,MODIFIED,T1_F3
EPA-HQ-OAR-2009-0491__proposed__444_2,SURVIVED-unchanged,T2_general
EPA-HQ-OPA-2006-0090__proposed__42_2,MODIFIED,T1_F3
EPA-HQ-OAR-2013-0602__proposed__41_1,MODIFIED,T1_F3
EPA-HQ-OPP-2011-0184__proposed__364_0,SURVIVED-edited,T1_F3
EPA-HQ-OAR-2010-0682__proposed__798_0,SURVIVED-unchanged,T2_general
EPA-HQ-OAR-2010-0682__proposed__667_1,SURVIVED-edited,T2_general
EPA-HQ-OAR-2013-0602__proposed__41_0,MODIFIED,T1_F3
EPA-HQ-OAR-2017-0483__proposed__165_0,SURVIVED-edited,T2_general
EPA-HQ-RCRA-2009-0640__proposed__337_3,MODIFIED,T1_F3
EPA-HQ-OAR-2009-0926__proposed__77_0,MODIFIED,T1_F3
EPA-HQ-OAR-2013-0495__proposed__101000_0,MODIFIED,T1_F3
EPA-HQ-OAR-2013-0602__proposed__20_0,SURVIVED-edited,T2_general
EPA-HQ-OAR-2010-0505__proposed__85_0,SURVIVED-edited,T1_F3
EPA-R08-OAR-2015-0463__proposed__37_0,SURVIVED-edited,T1_F3
EPA-HQ-OAR-2006-0790__proposed__45_1,SURVIVED-edited,T2_general
EPA-R08-OAR-2015-0463__proposed__40_0,SURVIVED-edited,T1_F3
EPA-HQ-OAR-2017-0355__proposed__126_0,SURVIVED-edited,T1_F3
EPA-HQ-OLEM-2017-0286__proposed__75_0,MODIFIED,T1_F3
EPA-HQ-OPP-2011-0184__proposed__162_1,SURVIVED-edited,T1_F3
EPA-HQ-OAR-2003-0119__proposed__242_0,MODIFIED,T2_general
EPA-HQ-OAR-2010-0505__proposed__138_0,SURVIVED-edited,T1_F3
EPA-HQ-OW-2009-0819__proposed__116_1,MODIFIED,T1_F3
EPA-HQ-OPA-2006-0090__proposed__15_0,SURVIVED-edited,T1_F3
EPA-HQ-OPA-2006-0090__proposed__42_3,MODIFIED,T1_F3
EPA-HQ-OPP-2011-0184__proposed__157_1,SURVIVED-edited,T1_F3
EPA-HQ-OAR-2010-0505__proposed__47_0,MODIFIED,T1_F3
EPA-HQ-OAR-2011-0817__proposed__9_1,MODIFIED,T1_F3
EPA-HQ-OAR-2013-0495__proposed__145_0,SURVIVED-edited,T1_F3
EPA-HQ-OPP-2011-0184__proposed__161_1,MODIFIED,T1_F3
EPA-HQ-OAR-2010-0505__proposed__371_1,SURVIVED-unchanged,T2_general
EPA-HQ-OPA-2006-0090__proposed__30_1,MODIFIED,T1_F3
EPA-HQ-OPP-2011-0184__proposed__368_2,MODIFIED,T1_F3
EPA-HQ-OAR-2013-0602__final__181_2,NEW,T2_general
EPA-HQ-OW-2011-0880__proposed__95_0,SURVIVED-edited,T1_F3
EPA-HQ-OAR-2021-0668__proposed__20_1,MODIFIED,T1_F3
EPA-HQ-OAR-2013-0495__proposed__1_0,MODIFIED,T1_F3
EPA-HQ-OAR-2009-0491__proposed__836_1,SURVIVED-unchanged,T2_general
EPA-HQ-OAR-2011-0044__proposed__339_2,DROPPED,T2_general
EPA-HQ-OAR-2013-0495__proposed__101001_0,MODIFIED,T1_F3
EPA-HQ-RCRA-2009-0640__proposed__299_1,SURVIVED-edited,T1_F3
EPA-HQ-RCRA-2009-0640__proposed__337_2,MODIFIED,T1_F3
EPA-HQ-OLEM-2017-0286__proposed__69_1,MODIFIED,T1_F3
EPA-HQ-OPP-2011-0184__proposed__162_5,MODIFIED,T1_F3
EPA-HQ-OLEM-2017-0286__proposed__72_0,MODIFIED,T1_F3
EPA-HQ-OPP-2011-0184__proposed__158_0,SURVIVED-edited,T1_F3
EPA-HQ-OPP-2011-0184__proposed__88_3,MODIFIED,T1_F3
EPA-HQ-OPP-2011-0184__proposed__88_0,MODIFIED,T1_F3
EPA-HQ-RCRA-2009-0640__proposed__100700_0,MODIFIED,T1_F3
EPA-HQ-OAR-2002-0058__final__166_0,NEW,T2_general
EPA-HQ-OW-2009-0819__final__173_2,NEW,T2_general
EPA-HQ-OW-2009-0819__proposed__97_0,SURVIVED-edited,T1_F3
EPA-HQ-OAR-2010-0682__proposed__183_0,SURVIVED-edited,T2_general
EPA-HQ-OPP-2011-0184__proposed__135_0,SURVIVED-edited,T1_F3
EPA-HQ-OAR-2009-0491__proposed__407_0,SURVIVED-unchanged,T2_general
EPA-HQ-OAR-2010-0505__proposed__117_0,SURVIVED-edited,T1_F3
EPA-HQ-OAR-2017-0483__proposed__100509_0,SURVIVED-edited,T1_F3
EPA-HQ-RCRA-2009-0640__proposed__299_2,SURVIVED-edited,T1_F3
EPA-HQ-OW-2009-0819__proposed__84_0,SURVIVED-edited,T1_F3
EPA-HQ-OLEM-2017-0286__proposed__68_0,MODIFIED,T1_F3
EPA-HQ-OPP-2011-0184__proposed__162_4,SURVIVED-edited,T1_F3
EPA-HQ-OPP-2011-0184__proposed__73_0,SURVIVED-edited,T1_F3
EPA-HQ-OPA-2006-0090__proposed__71_0,SURVIVED-edited,T2_general
EPA-HQ-OPP-2011-0184__proposed__368_3,MODIFIED,T1_F3
EPA-HQ-OAR-2009-0491__proposed__929_1,MODIFIED,T2_general
EPA-HQ-OAR-2009-0926__proposed__100404_4,MODIFIED,T1_F3
EPA-HQ-OLEM-2017-0286__proposed__71_0,MODIFIED,T1_F3
EPA-HQ-OPA-2006-0090__proposed__12_0,MODIFIED,T1_F3
EPA-HQ-RCRA-2009-0640__proposed__299_4,MODIFIED,T1_F3
EPA-HQ-OPP-2011-0184__proposed__158_1,SURVIVED-edited,T1_F3
EPA-HQ-OAR-2010-0682__proposed__411_0,SURVIVED-unchanged,T2_general
EPA-HQ-OAR-2021-0668__proposed__20_0,MODIFIED,T1_F3
EPA-HQ-OAR-2011-0044__proposed__168_1,SURVIVED-edited,T2_general
EPA-HQ-OAR-2011-0817__proposed__221_0,SURVIVED-unchanged,T2_general
EPA-HQ-OPP-2011-0184__proposed__363_0,SURVIVED-edited,T1_F3
EPA-HQ-OLEM-2017-0286__proposed__68_1,MODIFIED,T1_F3
EPA-HQ-OPP-2011-0184__proposed__146_0,SURVIVED-edited,T1_F3
EPA-HQ-OAR-2017-0355__proposed__112_3,SURVIVED-edited,T1_F3
EPA-HQ-OPP-2011-0184__proposed__135_1,SURVIVED-edited,T1_F3
EPA-HQ-OAR-2010-0505__proposed__671_0,SURVIVED-unchanged,T2_general
EPA-HQ-OLEM-2017-0286__proposed__70_0,MODIFIED,T1_F3
EPA-HQ-OAR-2010-0505__proposed__74_0,SURVIVED-edited,T1_F3
EPA-HQ-OAR-2009-0926__proposed__28_3,MODIFIED,T1_F3
EPA-HQ-OAR-2011-0817__proposed__9_0,SURVIVED-edited,T1_F3
EPA-HQ-OPA-2006-0090__proposed__42_1,MODIFIED,T1_F3
EPA-HQ-OLEM-2017-0286__proposed__59_0,SURVIVED-edited,T1_F3
EPA-HQ-OAR-2013-0495__proposed__101301_0,MODIFIED,T1_F3
